{
  "total_calls": 0,
  "cache_hits": 10,
  "errors": 0,
  "total_time_seconds": 0.0076858000829815865,
  "per_call_times": [
    0.0005932999774813652,
    0.0006649999413639307,
    0.0007597999647259712,
    0.0007648000027984381,
    0.0009471999946981668,
    0.0012271000305190682,
    0.0006155000301077962,
    0.0008220000891014934,
    0.0006266999989748001,
    0.0006644000532105565
  ]
}